{"cameraMode":{"drawMode":0,"name":"Shaded","section":"Shading Mode"},"sceneLighting":true,"audioPlay":false,"sceneViewState":{"showFog":true,"showMaterialUpdate":false,"showSkybox":true,"showFlares":true,"showImageEffects":true,"showParticleSystems":true},"in2DMode":false,"pivot":{"x":1.0021445751190186,"y":7.487353324890137,"z":9.684663772583008},"rotation":{"x":0.21773017942905427,"y":0.6053984761238098,"z":-0.17697107791900636,"w":0.7448272109031677},"size":9.565831184387207,"orthographic":true}